RunDate,Id,Slug,Repository,PullRequest,Status,MainCommit,Tests,EmailStatus,Error,TimestampIST
"2026-10-06","1","room-climate-hub-live-dashboard","https://github.com/OpenMakerProjects/room-climate-hub-live-dashboard","","blocked","89cd7861e6ece82f60d9349719720855fa696f77","main tree audit: required PNG and SVG missing","sent:1a10e356c0825727","Current authenticated GitHub connector exposes no public repository creation operation; organization creation authority unverified","2026-10-06T04:06:00+05:30"
"2026-10-06","2","room-climate-hub-mobile-alerts","https://github.com/OpenMakerProjects/room-climate-hub-mobile-alerts","","blocked","aa78b31b68fe596b0b5c062b743e41a9a26c6170","main tree audit: required PNG and SVG missing","sent:1a10e356c0825727","Current authenticated GitHub connector exposes no public repository creation operation; organization creation authority unverified","2026-10-06T04:06:00+05:30"
"2026-10-06","3","room-climate-hub-voice-control","https://github.com/OpenMakerProjects/room-climate-hub-voice-control","","blocked","827a2850e48024e3ae988ff65d938abf2cc33a19","main tree audit: required PNG and SVG missing","sent:1a10e356c0825727","Current authenticated GitHub connector exposes no public repository creation operation; organization creation authority unverified","2026-10-06T04:06:00+05:30"
"2026-10-06","4","room-climate-hub-energy-saver","https://github.com/OpenMakerProjects/room-climate-hub-energy-saver","","blocked","9de1ff0ac09fbfc809129170ef84d1792b219130","main tree audit: required PNG and SVG missing","sent:1a10e356c0825727","Current authenticated GitHub connector exposes no public repository creation operation; organization creation authority unverified","2026-10-06T04:06:00+05:30"
"2026-10-06","5","room-climate-hub-predictive-maintenance","https://github.com/OpenMakerProjects/room-climate-hub-predictive-maintenance","","blocked","c285298b841887148541e439fc4c8a92690c4df1","main tree audit: required PNG and SVG missing","sent:1a10e356c0825727","Current authenticated GitHub connector exposes no public repository creation operation; organization creation authority unverified","2026-10-06T04:06:00+05:30"
"2026-10-06","6","room-climate-hub-offline-automation","https://github.com/OpenMakerProjects/room-climate-hub-offline-automation","","blocked","14465b837c545937e762cf1e51509a87191728c8","main tree audit: required PNG and SVG missing","sent:1a10e356c0825727","Current authenticated GitHub connector exposes no public repository creation operation; organization creation authority unverified","2026-10-06T04:06:00+05:30"
"2026-10-06","7","room-climate-hub-usage-analytics","https://github.com/OpenMakerProjects/room-climate-hub-usage-analytics","","blocked","ff163760b002784ec2c5081b88644be6312b6673","main tree audit: required PNG and SVG missing","sent:1a10e356c0825727","Current authenticated GitHub connector exposes no public repository creation operation; organization creation authority unverified","2026-10-06T04:06:00+05:30"
"2026-10-06","8","room-climate-hub-multi-room-network","https://github.com/OpenMakerProjects/room-climate-hub-multi-room-network","","blocked","55baae58e934c360d1cfc525a2641a1abdf361af","main tree audit: required PNG and SVG missing","sent:1a10e356c0825727","Current authenticated GitHub connector exposes no public repository creation operation; organization creation authority unverified","2026-10-06T04:06:00+05:30"
"2026-10-06","9","room-climate-hub-safety-interlock","https://github.com/OpenMakerProjects/room-climate-hub-safety-interlock","","blocked","5cf06fa780fc2f2bf9cecb763fb1247ec51bbb0e","main tree audit: required PNG and SVG missing","sent:1a10e356c0825727","Current authenticated GitHub connector exposes no public repository creation operation; organization creation authority unverified","2026-10-06T04:06:00+05:30"
"2026-10-06","10","room-climate-hub-adaptive-scheduling","https://github.com/OpenMakerProjects/room-climate-hub-adaptive-scheduling","","blocked","11fdc920f301248da3c5793724883e2f50eeef68","main tree audit: required PNG and SVG missing","sent:1a10e356c0825727","Current authenticated GitHub connector exposes no public repository creation operation; organization creation authority unverified","2026-10-06T04:06:00+05:30"
"2026-10-06","11","smart-entryway-live-dashboard","https://github.com/OpenMakerProjects/smart-entryway-live-dashboard","","blocked","59a2eaa1239ed2a9d09ad689dc375971ba657c19","main tree audit: required PNG and SVG missing","sent:1a10e356c0825727","Current authenticated GitHub connector exposes no public repository creation operation; organization creation authority unverified","2026-10-06T04:06:00+05:30"
"2026-10-06","12","smart-entryway-mobile-alerts","https://github.com/OpenMakerProjects/smart-entryway-mobile-alerts","","blocked","d4b537c2ae01c652dcbcb05d0830ed65871a13c4","main tree audit: required PNG and SVG missing","sent:1a10e356c0825727","Current authenticated GitHub connector exposes no public repository creation operation; organization creation authority unverified","2026-10-06T04:06:00+05:30"
"2026-10-06","13","smart-entryway-voice-control","https://github.com/OpenMakerProjects/smart-entryway-voice-control","","blocked","10728881d80bd117d82c9c29dc1da97d50b5c5f0","main tree audit: required PNG and SVG missing","sent:1a10e356c0825727","Current authenticated GitHub connector exposes no public repository creation operation; organization creation authority unverified","2026-10-06T04:06:00+05:30"
"2026-10-06","14","smart-entryway-energy-saver","https://github.com/OpenMakerProjects/smart-entryway-energy-saver","","blocked","3f9945746a5706c71d78932894ff5c8ebe2b957d","main tree audit: required PNG and SVG missing","sent:1a10e356c0825727","Current authenticated GitHub connector exposes no public repository creation operation; organization creation authority unverified","2026-10-06T04:06:00+05:30"
"2026-10-06","15","smart-entryway-predictive-maintenance","https://github.com/OpenMakerProjects/smart-entryway-predictive-maintenance","","blocked","7bb6e482b1c65e5cdf509308b61a66d5f39ffbe1","main tree audit: required PNG and SVG missing","sent:1a10e356c0825727","Current authenticated GitHub connector exposes no public repository creation operation; organization creation authority unverified","2026-10-06T04:06:00+05:30"
"2026-10-06","16","smart-entryway-offline-automation","https://github.com/OpenMakerProjects/smart-entryway-offline-automation","","blocked","a35a07d34b4e956af2b83bfc3a9ab6b21d2ae2ae","main tree audit: required PNG and SVG missing","sent:1a10e356c0825727","Current authenticated GitHub connector exposes no public repository creation operation; organization creation authority unverified","2026-10-06T04:06:00+05:30"
"2026-10-06","17","smart-entryway-usage-analytics","https://github.com/OpenMakerProjects/smart-entryway-usage-analytics","","blocked","95dc278df3a703a6b1d5c22506ace06596e670d9","main tree audit: required PNG and SVG missing","sent:1a10e356c0825727","Current authenticated GitHub connector exposes no public repository creation operation; organization creation authority unverified","2026-10-06T04:06:00+05:30"
"2026-10-06","18","smart-entryway-multi-room-network","https://github.com/OpenMakerProjects/smart-entryway-multi-room-network","","blocked","01aeadcb36fb6b82cee9e8b665e221842190bd93","main tree audit: required PNG and SVG missing","sent:1a10e356c0825727","Current authenticated GitHub connector exposes no public repository creation operation; organization creation authority unverified","2026-10-06T04:06:00+05:30"
"2026-10-06","19","smart-entryway-safety-interlock","https://github.com/OpenMakerProjects/smart-entryway-safety-interlock","","blocked","2036fc0c1efc611a29c08fe1a56ae9f5db441cf0","main tree audit: required PNG and SVG missing","sent:1a10e356c0825727","Current authenticated GitHub connector exposes no public repository creation operation; organization creation authority unverified","2026-10-06T04:06:00+05:30"
"2026-10-06","20","smart-entryway-adaptive-scheduling","https://github.com/OpenMakerProjects/smart-entryway-adaptive-scheduling","","blocked","d7bf31588b729247ff59044b51e523887dd3989b","main tree audit: required PNG and SVG missing","sent:1a10e356c0825727","Current authenticated GitHub connector exposes no public repository creation operation; organization creation authority unverified","2026-10-06T04:06:00+05:30"
"2026-10-06","1","room-climate-hub-live-dashboard","https://github.com/OpenMakerProjects/room-climate-hub-live-dashboard","https://github.com/OpenMakerProjects/room-climate-hub-live-dashboard/pull/1","verified","98447bb62307e317986a3cf41677f56f3ee0a9dd","host validation pass; ESP32 board build pass; PNG signature/dimensions/hash verified; circuit SVG parsed; README links verified","sent:1a10f2add152d5fb","","2026-10-06T08:48:35+05:30"
"2026-10-06","1","room-climate-hub-live-dashboard","https://github.com/OpenMakerProjects/room-climate-hub-live-dashboard","https://github.com/OpenMakerProjects/room-climate-hub-live-dashboard/pull/1","verified_complete","98447bb62307e317986a3cf41677f56f3ee0a9dd","final host, validate, ESP32 board and image integrity passed","sent:1a10f3b584062a5b","","2026-10-06T08:52:09.619+05:30"
"2026-10-06","2","room-climate-hub-mobile-alerts","https://github.com/OpenMakerProjects/room-climate-hub-mobile-alerts","https://github.com/OpenMakerProjects/room-climate-hub-mobile-alerts/pull/1","verified_complete","c6b491d44a314f690006dcde2610b6e3fad34ed4","final host, validate, Arduino Nano 33 IoT board and image integrity passed","pending-next-cloud-report","","2026-10-06T09:10:10+05:30"
"2026-10-06","2","room-climate-hub-mobile-alerts","https://github.com/OpenMakerProjects/room-climate-hub-mobile-alerts","https://github.com/OpenMakerProjects/room-climate-hub-mobile-alerts/pull/1","verified_complete","c6b491d44a314f690006dcde2610b6e3fad34ed4","Reconciled verified recovery; host, validate, Nano board and main tree passed","sent:1a10f766f1a03067","","2026-10-06T09:57:14.475+05:30"
"2026-10-06","3","room-climate-hub-voice-control","https://github.com/OpenMakerProjects/room-climate-hub-voice-control","https://github.com/OpenMakerProjects/room-climate-hub-voice-control/pull/1","verified_complete","cf02854a489a4aff503aec34e2a741939b205c49","11 tests; Python build/simulation; PNG/SVG/links/license/credential gates; final head CI and main tree passed","sent:1a10f766f1a03067","","2026-10-06T09:57:14.475+05:30"
"2026-10-06","4","room-climate-hub-energy-saver","https://github.com/OpenMakerProjects/room-climate-hub-energy-saver","https://github.com/OpenMakerProjects/room-climate-hub-energy-saver/pull/1","verified_complete","965afabf726eb293a0175ac21cde96b3607eff9a","policy+3 PNG transport+completion gates+ESP8266 board; final head push/PR passed","pending_batch_report","","2026-10-06T10:13:11.478+05:30"
"2026-10-06","5","room-climate-hub-predictive-maintenance","https://github.com/OpenMakerProjects/room-climate-hub-predictive-maintenance","https://github.com/OpenMakerProjects/room-climate-hub-predictive-maintenance/pull/1","verified_complete","3f495b8f553b2b766d74471ad881899b23e156d6","{""host"":""policy assertions and 3 PNG transport tests passed"",""board"":""ESPHome config and ESP32 compilation passed"",""completion"":""PNG/SVG/local links/license/credential checks passed"",""runs"":[37415653155,37415657060],""finalHead"":""push and PR passed"",""decodeRun"":37415434963,""tokenPush"":""success"",""resolvedError"":""custom MaintenancePolicy include ordering repaired with shared inline accessor"",""hardware"":""not performed"",""postMergeDocumentationCI"":""pending; text-only test-result update, no code changes""}","pending_batch_report","","2026-10-06T10:25:45.044+05:30"
"2026-10-06","6","room-climate-hub-offline-automation","https://github.com/OpenMakerProjects/room-climate-hub-offline-automation","https://github.com/OpenMakerProjects/room-climate-hub-offline-automation/pull/1","verified_complete","d747e112e33678e9eb0342c92aee3fecc1af68be","{""host"":""policy assertions and 3 PNG transport tests passed"",""board"":""ESP32 esp32dev compilation passed"",""completion"":""PNG/SVG/local image links/MIT/credential checks passed"",""runs"":[37416655738,37416659344],""decodeRun"":37416498969,""tokenPush"":""success"",""finalHead"":""push and PR passed"",""readme"":""actual passed results committed by recovery workflow"",""hardware"":""not performed""}","pending_batch_report","","2026-10-06T10:35:11.131+05:30"
"2026-10-10","7","room-climate-hub-usage-analytics","https://github.com/OpenMakerProjects/room-climate-hub-usage-analytics","https://github.com/OpenMakerProjects/room-climate-hub-usage-analytics/pull/1","verified_complete","ce865924508f3f815ff2bb98ceb645c8775e8343","{""pushValidate"":37979062112,""pushCompletion"":37979062115,""prValidate"":37979344607,""prCompletion"":37979344678,""decode"":37978826055,""host"":""passed"",""nanoBoard"":""passed"",""imageCompletion"":""passed"",""tokenPush"":""passed"",""hardware"":""not performed""}","pending","","2026-10-10T00:56:49.029+05:30"
"2026-10-10","8","room-climate-hub-multi-room-network","https://github.com/OpenMakerProjects/room-climate-hub-multi-room-network","https://github.com/OpenMakerProjects/room-climate-hub-multi-room-network/pull/1","verified_complete","c672efafae130688dc1a91d44567bd5786d74b98","9 unit tests, Python compilation, two-node localhost HTTP simulation, PNG/SVG/links/MIT/credential gates passed","pending","","2026-10-10T01:03:49.660+05:30"
"2026-10-10","9","room-climate-hub-safety-interlock","https://github.com/OpenMakerProjects/room-climate-hub-safety-interlock","https://github.com/OpenMakerProjects/room-climate-hub-safety-interlock/pull/1","verified_complete","8ce4be2fa7fb672272fd032b9a92ef0b45d45de3","Shared C++ policy tests, 3 image tests, ESP8266 target build, PNG/SVG/links/MIT/credential gates passed","pending","","2026-10-10T01:17:56.212+05:30"
"2026-10-10","10","room-climate-hub-adaptive-scheduling","https://github.com/OpenMakerProjects/room-climate-hub-adaptive-scheduling","https://github.com/OpenMakerProjects/room-climate-hub-adaptive-scheduling/pull/1","verified_complete","5336305a9376a2bcc663c6f6d3416094525e8862","C++ schedule tests, 3 image tests, ESPHome config and ESP32 ESP-IDF compile, PNG/SVG/links/MIT/credential gates passed","pending","","2026-10-10T01:40:12.607+05:30"
"2026-10-10","11","smart-entryway-live-dashboard","https://github.com/OpenMakerProjects/smart-entryway-live-dashboard","https://github.com/OpenMakerProjects/smart-entryway-live-dashboard/pull/1","verified_complete","d58f9ce3de56b08ceff57b270b2152d970f61f65","9 unit tests, dependency install/import, Python compilation, live localhost HTTP dashboard, PNG/SVG/links/MIT/credential gates passed","pending","","2026-10-10T01:36:41.551+05:30"
"2026-10-10","12","smart-entryway-mobile-alerts","https://github.com/OpenMakerProjects/smart-entryway-mobile-alerts","https://github.com/OpenMakerProjects/smart-entryway-mobile-alerts/pull/1","verified_complete","80b65560b6d2883cda13306e408cc01c8c0f81c1","C++ alert policy tests, 3 image tests, NodeMCU build, PNG/SVG/links/MIT/credential gates passed","pending","","2026-10-10T02:00:55.323+05:30"
"2026-10-10","13","smart-entryway-voice-control","https://github.com/OpenMakerProjects/smart-entryway-voice-control","https://github.com/OpenMakerProjects/smart-entryway-voice-control/pull/2","verified_complete","6faa3a4bfbaaefdbd9af367b3f0c8464e84f1ef4","C++ OLED scaling tests, 3 image tests, ESPHome config and ESP32 ESP-IDF compile, PNG/SVG/links/MIT/credential gates passed","deferred","PR1 prematurely merged; authorized PR2 remediation verified","2026-10-10T02:23:52.827+05:30"
"2026-10-10","14","smart-entryway-energy-saver","https://github.com/OpenMakerProjects/smart-entryway-energy-saver","https://github.com/OpenMakerProjects/smart-entryway-energy-saver/pull/1","verified_complete","33b6b1d41a33d10af6a2d140bd8f08fa8a09848c","C++ saver tests, 3 image tests, PNG/SVG/links/MIT/credentials and actual PlatformIO ESP32 build passed","deferred","","2026-10-10T02:36:49.525+05:30"
